old_ticker,new_ticker,rename_date,note
ABC,COR,2023-08-30,AmerisourceBergen renamed Cencora
ANTM,ELV,2022-06-28,Anthem renamed Elevance Health
ARNC,HWM,2020-04-06,Arconic Inc. renamed Howmet Aerospace after the Arconic Corp. spin-off
BK,BNY,2026-05-21,Bank of New York Mellon ticker change
BLL,BALL,2022-05-10,Ball Corp. ticker change
COG,CTRA,2021-10-04,Cabot Oil & Gas renamed Coterra after the Cimarex merger
CTL,LUMN,2020-09-18,CenturyLink renamed Lumen
DISCA,WBD,2022-04-11,Discovery renamed Warner Bros. Discovery
FB,META,2022-06-09,Facebook renamed Meta Platforms
GPS,GAP,2024-04-15,Gap Inc. ticker change (after it left the index)
HRS,LHX,2019-06-29,Harris renamed L3Harris after acquiring L3
JEC,J,2019-12-10,Jacobs Engineering ticker change
LB,BBWI,2021-08-03,L Brands renamed Bath & Body Works after the Victoria's Secret spin-off
MMC,MRSH,2026-01-14,Marsh & McLennan ticker change
PKI,RVTY,2023-05-16,PerkinElmer renamed Revvity
TMK,GL,2019-08-08,Torchmark renamed Globe Life
UTX,RTX,2020-04-03,United Technologies renamed Raytheon Technologies after the Raytheon merger
WLTW,WTW,2022-01-10,Willis Towers Watson ticker change
